{
  "project_info": {
    "project_number": "940543613272",
    "firebase_url": "https://projectofinal-f4108-default-rtdb.firebaseio.com",
    "project_id": "projectofinal-f4108",
    "storage_bucket": "projectofinal-f4108.appspot.com"
  },
  "client": [
    {
      "client_info": {
        "mobilesdk_app_id": "1:940543613272:android:3fe4c2ff1a8af9a887ed2d",
        "android_client_info": {
          "package_name": "com.ignaciocanay.firebase"
        }
      },
      "oauth_client": [
        {
          "client_id": "940543613272-s1flraurih2l44ec00oikktchsj75s67.apps.googleusercontent.com",
          "client_type": 3
        }
      ],
      "api_key": [
        {
          "current_key": "AIzaSyACmdmRD-7ra1a2jdp1Ws6ldtfhD1kdqUc"
        }
      ],
      "services": {
        "appinvite_service": {
          "other_platform_oauth_client": [
            {
              "client_id": "940543613272-s1flraurih2l44ec00oikktchsj75s67.apps.googleusercontent.com",
              "client_type": 3
            }
          ]
        }
      }
    }
  ],
  "configuration_version": "1"
}